{"v":"5.7.4","fr":30,"ip":0,"op":61,"w":44,"h":65,"nm":"ARROW_LANDING 2","ddd":0,"assets":[],"layers":[{"ddd":0,"ind":1,"ty":3,"nm":"NULL CONTROL ","sr":1,"ks":{"o":{"a":0,"k":0,"ix":11},"r":{"a":0,"k":0,"ix":10},"p":{"a":0,"k":[-51.244,25.089,0],"ix":2,"l":2},"a":{"a":0,"k":[50,50,0],"ix":1,"l":2},"s":{"a":0,"k":[127,127,100],"ix":6,"l":2}},"ao":0,"ip":0,"op":450,"st":0,"bm":0},{"ddd":0,"ind":2,"ty":4,"nm":"Arrow","parent":1,"sr":1,"ks":{"o":{"a":0,"k":100,"ix":11},"r":{"a":0,"k":90,"ix":10},"p":{"k":[{"s":[107.673,65.058,0],"t":1,"i":{"x":1,"y":1},"o":{"x":0,"y":0}},{"s":[107.673,65.112,0],"t":2,"i":{"x":1,"y":1},"o":{"x":0,"y":0}},{"s":[107.673,65.212,0],"t":3,"i":{"x":1,"y":1},"o":{"x":0,"y":0}},{"s":[107.673,65.364,0],"t":4,"i":{"x":1,"y":1},"o":{"x":0,"y":0}},{"s":[107.673,65.573,0],"t":5,"i":{"x":1,"y":1},"o":{"x":0,"y":0}},{"s":[107.673,65.849,0],"t":6,"i":{"x":1,"y":1},"o":{"x":0,"y":0}},{"s":[107.673,66.201,0],"t":7,"i":{"x":1,"y":1},"o":{"x":0,"y":0}},{"s":[107.673,66.647,0],"t":8,"i":{"x":1,"y":1},"o":{"x":0,"y":0}},{"s":[107.673,67.205,0],"t":9,"i":{"x":1,"y":1},"o":{"x":0,"y":0}},{"s":[107.673,67.892,0],"t":10,"i":{"x":1,"y":1},"o":{"x":0,"y":0}},{"s":[107.673,68.73,0],"t":11,"i":{"x":1,"y":1},"o":{"x":0,"y":0}},{"s":[107.673,69.715,0],"t":12,"i":{"x":1,"y":1},"o":{"x":0,"y":0}},{"s":[107.673,70.816,0],"t":13,"i":{"x":1,"y":1},"o":{"x":0,"y":0}},{"s":[107.673,71.976,0],"t":14,"i":{"x":1,"y":1},"o":{"x":0,"y":0}},{"s":[107.673,73.119,0],"t":15,"i":{"x":1,"y":1},"o":{"x":0,"y":0}},{"s":[107.673,74.183,0],"t":16,"i":{"x":1,"y":1},"o":{"x":0,"y":0}},{"s":[107.673,75.128,0],"t":17,"i":{"x":1,"y":1},"o":{"x":0,"y":0}},{"s":[107.673,75.938,0],"t":18,"i":{"x":1,"y":1},"o":{"x":0,"y":0}},{"s":[107.673,76.617,0],"t":19,"i":{"x":1,"y":1},"o":{"x":0,"y":0}},{"s":[107.673,77.182,0],"t":20,"i":{"x":1,"y":1},"o":{"x":0,"y":0}},{"s":[107.673,77.649,0],"t":21,"i":{"x":1,"y":1},"o":{"x":0,"y":0}},{"s":[107.673,78.029,0],"t":22,"i":{"x":1,"y":1},"o":{"x":0,"y":0}},{"s":[107.673,78.339,0],"t":23,"i":{"x":1,"y":1},"o":{"x":0,"y":0}},{"s":[107.673,78.591,0],"t":24,"i":{"x":1,"y":1},"o":{"x":0,"y":0}},{"s":[107.673,78.791,0],"t":25,"i":{"x":1,"y":1},"o":{"x":0,"y":0}},{"s":[107.673,78.945,0],"t":26,"i":{"x":1,"y":1},"o":{"x":0,"y":0}},{"s":[107.673,79.058,0],"t":27,"i":{"x":1,"y":1},"o":{"x":0,"y":0}},{"s":[107.673,79.133,0],"t":28,"i":{"x":1,"y":1},"o":{"x":0,"y":0}},{"s":[107.673,79.058,0],"t":33,"i":{"x":1,"y":1},"o":{"x":0,"y":0}},{"s":[107.673,78.945,0],"t":34,"i":{"x":1,"y":1},"o":{"x":0,"y":0}},{"s":[107.673,78.791,0],"t":35,"i":{"x":1,"y":1},"o":{"x":0,"y":0}},{"s":[107.673,78.591,0],"t":36,"i":{"x":1,"y":1},"o":{"x":0,"y":0}},{"s":[107.673,78.339,0],"t":37,"i":{"x":1,"y":1},"o":{"x":0,"y":0}},{"s":[107.673,78.029,0],"t":38,"i":{"x":1,"y":1},"o":{"x":0,"y":0}},{"s":[107.673,77.649,0],"t":39,"i":{"x":1,"y":1},"o":{"x":0,"y":0}},{"s":[107.673,77.182,0],"t":40,"i":{"x":1,"y":1},"o":{"x":0,"y":0}},{"s":[107.673,76.617,0],"t":41,"i":{"x":1,"y":1},"o":{"x":0,"y":0}},{"s":[107.673,75.938,0],"t":42,"i":{"x":1,"y":1},"o":{"x":0,"y":0}},{"s":[107.673,75.128,0],"t":43,"i":{"x":1,"y":1},"o":{"x":0,"y":0}},{"s":[107.673,74.183,0],"t":44,"i":{"x":1,"y":1},"o":{"x":0,"y":0}},{"s":[107.673,73.119,0],"t":45,"i":{"x":1,"y":1},"o":{"x":0,"y":0}},{"s":[107.673,71.976,0],"t":46,"i":{"x":1,"y":1},"o":{"x":0,"y":0}},{"s":[107.673,70.816,0],"t":47,"i":{"x":1,"y":1},"o":{"x":0,"y":0}},{"s":[107.673,69.715,0],"t":48,"i":{"x":1,"y":1},"o":{"x":0,"y":0}},{"s":[107.673,68.73,0],"t":49,"i":{"x":1,"y":1},"o":{"x":0,"y":0}},{"s":[107.673,67.892,0],"t":50,"i":{"x":1,"y":1},"o":{"x":0,"y":0}},{"s":[107.673,67.205,0],"t":51,"i":{"x":1,"y":1},"o":{"x":0,"y":0}},{"s":[107.673,66.647,0],"t":52,"i":{"x":1,"y":1},"o":{"x":0,"y":0}},{"s":[107.673,66.201,0],"t":53,"i":{"x":1,"y":1},"o":{"x":0,"y":0}},{"s":[107.673,65.849,0],"t":54,"i":{"x":1,"y":1},"o":{"x":0,"y":0}},{"s":[107.673,65.573,0],"t":55,"i":{"x":1,"y":1},"o":{"x":0,"y":0}},{"s":[107.673,65.364,0],"t":56,"i":{"x":1,"y":1},"o":{"x":0,"y":0}},{"s":[107.673,65.212,0],"t":57,"i":{"x":1,"y":1},"o":{"x":0,"y":0}},{"s":[107.673,65.112,0],"t":58,"i":{"x":1,"y":1},"o":{"x":0,"y":0}},{"s":[107.673,65.058,0],"t":59,"i":{"x":1,"y":1},"o":{"x":0,"y":0}}],"l":2},"a":{"a":0,"k":[90.812,-339.25,0],"ix":1,"l":2},"s":{"a":0,"k":[34,34,100],"ix":6,"l":2}},"ao":0,"shapes":[{"ty":"gr","it":[{"ind":0,"ty":"sh","ix":1,"ks":{"a":0,"k":{"i":[[0,0],[0,0],[0,0]],"o":[[0,0],[0,0],[0,0]],"v":[[59,-374.75],[90.812,-338.875],[58.875,-303.75]],"c":false},"ix":2},"nm":"Path 1","mn":"ADBE Vector Shape - Group","hd":false},{"ty":"st","c":{"a":0,"k":[1,0.392156862745,0.176470588235,1],"ix":3},"o":{"a":0,"k":100,"ix":4},"w":{"a":0,"k":12,"ix":5},"lc":1,"lj":1,"ml":4,"bm":0,"nm":"Stroke 1","mn":"ADBE Vector Graphic - Stroke","hd":false},{"ty":"tr","p":{"a":0,"k":[0,0],"ix":2},"a":{"a":0,"k":[0,0],"ix":1},"s":{"a":0,"k":[100,100],"ix":3},"r":{"a":0,"k":0,"ix":6},"o":{"a":0,"k":100,"ix":7},"sk":{"a":0,"k":0,"ix":4},"sa":{"a":0,"k":0,"ix":5},"nm":"Transform"}],"nm":"Shape 1","np":3,"cix":2,"bm":0,"ix":1,"mn":"ADBE Vector Group","hd":false}],"ip":0,"op":450,"st":0,"bm":0},{"ddd":0,"ind":3,"ty":4,"nm":"Line","parent":1,"sr":1,"ks":{"o":{"a":0,"k":100,"ix":11},"r":{"a":0,"k":90,"ix":10},"p":{"a":0,"k":[-7.672,34.562,0],"ix":2,"l":2},"a":{"a":0,"k":[0,0,0],"ix":1,"l":2},"s":{"a":0,"k":[34,34,100],"ix":6,"l":2}},"ao":0,"shapes":[{"ty":"gr","it":[{"ind":0,"ty":"sh","ix":1,"ks":{"a":0,"k":{"i":[[0,0],[-3.626,0.32],[-3.25,9.875],[1.5,8.875],[6.25,0.125],[-0.721,-14.785],[-5.526,-3.277],[-19.125,0],[0,0]],"o":[[0,0],[4.25,-0.375],[3.25,-9.875],[-1.5,-8.875],[-6.25,-0.125],[0.5,10.25],[9.867,5.851],[19.125,0],[0,0]],"v":[[-10.875,-324.625],[11,-324.25],[33.5,-339],[36.5,-366.625],[20.25,-381.5],[5.375,-363.625],[15.625,-345],[48.375,-338.125],[234.625,-338.25]],"c":false},"ix":2},"nm":"Path 1","mn":"ADBE Vector Shape - Group","hd":false},{"ty":"st","c":{"a":0,"k":[1,0.392156862745,0.176470588235,1],"ix":3},"o":{"a":0,"k":100,"ix":4},"w":{"a":0,"k":12,"ix":5},"lc":1,"lj":1,"ml":4,"bm":0,"nm":"Stroke 1","mn":"ADBE Vector Graphic - Stroke","hd":false},{"ty":"tr","p":{"a":0,"k":[0,0],"ix":2},"a":{"a":0,"k":[0,0],"ix":1},"s":{"a":0,"k":[100,100],"ix":3},"r":{"a":0,"k":0,"ix":6},"o":{"a":0,"k":100,"ix":7},"sk":{"a":0,"k":0,"ix":4},"sa":{"a":0,"k":0,"ix":5},"nm":"Transform"}],"nm":"Shape 1","np":3,"cix":2,"bm":0,"ix":1,"mn":"ADBE Vector Group","hd":false},{"ty":"tm","s":{"a":0,"k":0,"ix":1},"e":{"k":[{"s":[58.959],"t":1,"i":{"x":[1],"y":[1]},"o":{"x":[0],"y":[0]}},{"s":[58.83],"t":2,"i":{"x":[1],"y":[1]},"o":{"x":[0],"y":[0]}},{"s":[58.599],"t":3,"i":{"x":[1],"y":[1]},"o":{"x":[0],"y":[0]}},{"s":[58.252],"t":4,"i":{"x":[1],"y":[1]},"o":{"x":[0],"y":[0]}},{"s":[57.769],"t":5,"i":{"x":[1],"y":[1]},"o":{"x":[0],"y":[0]}},{"s":[57.129],"t":6,"i":{"x":[1],"y":[1]},"o":{"x":[0],"y":[0]}},{"s":[56.304],"t":7,"i":{"x":[1],"y":[1]},"o":{"x":[0],"y":[0]}},{"s":[55.259],"t":8,"i":{"x":[1],"y":[1]},"o":{"x":[0],"y":[0]}},{"s":[53.956],"t":9,"i":{"x":[1],"y":[1]},"o":{"x":[0],"y":[0]}},{"s":[52.354],"t":10,"i":{"x":[1],"y":[1]},"o":{"x":[0],"y":[0]}},{"s":[50.417],"t":11,"i":{"x":[1],"y":[1]},"o":{"x":[0],"y":[0]}},{"s":[48.137],"t":12,"i":{"x":[1],"y":[1]},"o":{"x":[0],"y":[0]}},{"s":[45.568],"t":13,"i":{"x":[1],"y":[1]},"o":{"x":[0],"y":[0]}},{"s":[42.841],"t":14,"i":{"x":[1],"y":[1]},"o":{"x":[0],"y":[0]}},{"s":[40.147],"t":15,"i":{"x":[1],"y":[1]},"o":{"x":[0],"y":[0]}},{"s":[37.653],"t":16,"i":{"x":[1],"y":[1]},"o":{"x":[0],"y":[0]}},{"s":[35.454],"t":17,"i":{"x":[1],"y":[1]},"o":{"x":[0],"y":[0]}},{"s":[33.572],"t":18,"i":{"x":[1],"y":[1]},"o":{"x":[0],"y":[0]}},{"s":[31.989],"t":19,"i":{"x":[1],"y":[1]},"o":{"x":[0],"y":[0]}},{"s":[30.67],"t":20,"i":{"x":[1],"y":[1]},"o":{"x":[0],"y":[0]}},{"s":[29.58],"t":21,"i":{"x":[1],"y":[1]},"o":{"x":[0],"y":[0]}},{"s":[28.685],"t":22,"i":{"x":[1],"y":[1]},"o":{"x":[0],"y":[0]}},{"s":[27.957],"t":23,"i":{"x":[1],"y":[1]},"o":{"x":[0],"y":[0]}},{"s":[27.372],"t":24,"i":{"x":[1],"y":[1]},"o":{"x":[0],"y":[0]}},{"s":[26.911],"t":25,"i":{"x":[1],"y":[1]},"o":{"x":[0],"y":[0]}},{"s":[26.559],"t":26,"i":{"x":[1],"y":[1]},"o":{"x":[0],"y":[0]}},{"s":[26.302],"t":27,"i":{"x":[1],"y":[1]},"o":{"x":[0],"y":[0]}},{"s":[26.129],"t":28,"i":{"x":[1],"y":[1]},"o":{"x":[0],"y":[0]}},{"s":[26.031],"t":29,"i":{"x":[1],"y":[1]},"o":{"x":[0],"y":[0]}},{"s":[26],"t":30,"i":{"x":[1],"y":[1]},"o":{"x":[0],"y":[0]}},{"s":[26.031],"t":31,"i":{"x":[1],"y":[1]},"o":{"x":[0],"y":[0]}},{"s":[26.129],"t":32,"i":{"x":[1],"y":[1]},"o":{"x":[0],"y":[0]}},{"s":[26.302],"t":33,"i":{"x":[1],"y":[1]},"o":{"x":[0],"y":[0]}},{"s":[26.559],"t":34,"i":{"x":[1],"y":[1]},"o":{"x":[0],"y":[0]}},{"s":[26.911],"t":35,"i":{"x":[1],"y":[1]},"o":{"x":[0],"y":[0]}},{"s":[27.372],"t":36,"i":{"x":[1],"y":[1]},"o":{"x":[0],"y":[0]}},{"s":[27.957],"t":37,"i":{"x":[1],"y":[1]},"o":{"x":[0],"y":[0]}},{"s":[28.685],"t":38,"i":{"x":[1],"y":[1]},"o":{"x":[0],"y":[0]}},{"s":[29.58],"t":39,"i":{"x":[1],"y":[1]},"o":{"x":[0],"y":[0]}},{"s":[30.67],"t":40,"i":{"x":[1],"y":[1]},"o":{"x":[0],"y":[0]}},{"s":[31.989],"t":41,"i":{"x":[1],"y":[1]},"o":{"x":[0],"y":[0]}},{"s":[33.572],"t":42,"i":{"x":[1],"y":[1]},"o":{"x":[0],"y":[0]}},{"s":[35.454],"t":43,"i":{"x":[1],"y":[1]},"o":{"x":[0],"y":[0]}},{"s":[37.653],"t":44,"i":{"x":[1],"y":[1]},"o":{"x":[0],"y":[0]}},{"s":[40.147],"t":45,"i":{"x":[1],"y":[1]},"o":{"x":[0],"y":[0]}},{"s":[42.841],"t":46,"i":{"x":[1],"y":[1]},"o":{"x":[0],"y":[0]}},{"s":[45.568],"t":47,"i":{"x":[1],"y":[1]},"o":{"x":[0],"y":[0]}},{"s":[48.137],"t":48,"i":{"x":[1],"y":[1]},"o":{"x":[0],"y":[0]}},{"s":[50.417],"t":49,"i":{"x":[1],"y":[1]},"o":{"x":[0],"y":[0]}},{"s":[52.354],"t":50,"i":{"x":[1],"y":[1]},"o":{"x":[0],"y":[0]}},{"s":[53.956],"t":51,"i":{"x":[1],"y":[1]},"o":{"x":[0],"y":[0]}},{"s":[55.259],"t":52,"i":{"x":[1],"y":[1]},"o":{"x":[0],"y":[0]}},{"s":[56.304],"t":53,"i":{"x":[1],"y":[1]},"o":{"x":[0],"y":[0]}},{"s":[57.129],"t":54,"i":{"x":[1],"y":[1]},"o":{"x":[0],"y":[0]}},{"s":[57.769],"t":55,"i":{"x":[1],"y":[1]},"o":{"x":[0],"y":[0]}},{"s":[58.252],"t":56,"i":{"x":[1],"y":[1]},"o":{"x":[0],"y":[0]}},{"s":[58.599],"t":57,"i":{"x":[1],"y":[1]},"o":{"x":[0],"y":[0]}},{"s":[58.83],"t":58,"i":{"x":[1],"y":[1]},"o":{"x":[0],"y":[0]}},{"s":[58.959],"t":59,"i":{"x":[1],"y":[1]},"o":{"x":[0],"y":[0]}}]},"o":{"k":[{"s":[0],"t":0,"i":{"x":[1],"y":[1]},"o":{"x":[0],"y":[0]}},{"s":[0.207],"t":1,"i":{"x":[1],"y":[1]},"o":{"x":[0],"y":[0]}},{"s":[0.867],"t":2,"i":{"x":[1],"y":[1]},"o":{"x":[0],"y":[0]}},{"s":[2.041],"t":3,"i":{"x":[1],"y":[1]},"o":{"x":[0],"y":[0]}},{"s":[3.809],"t":4,"i":{"x":[1],"y":[1]},"o":{"x":[0],"y":[0]}},{"s":[6.264],"t":5,"i":{"x":[1],"y":[1]},"o":{"x":[0],"y":[0]}},{"s":[9.523],"t":6,"i":{"x":[1],"y":[1]},"o":{"x":[0],"y":[0]}},{"s":[13.726],"t":7,"i":{"x":[1],"y":[1]},"o":{"x":[0],"y":[0]}},{"s":[19.044],"t":8,"i":{"x":[1],"y":[1]},"o":{"x":[0],"y":[0]}},{"s":[25.676],"t":9,"i":{"x":[1],"y":[1]},"o":{"x":[0],"y":[0]}},{"s":[33.834],"t":10,"i":{"x":[1],"y":[1]},"o":{"x":[0],"y":[0]}},{"s":[43.696],"t":11,"i":{"x":[1],"y":[1]},"o":{"x":[0],"y":[0]}},{"s":[55.301],"t":12,"i":{"x":[1],"y":[1]},"o":{"x":[0],"y":[0]}},{"s":[68.384],"t":13,"i":{"x":[1],"y":[1]},"o":{"x":[0],"y":[0]}},{"s":[82.263],"t":14,"i":{"x":[1],"y":[1]},"o":{"x":[0],"y":[0]}},{"s":[95.979],"t":15,"i":{"x":[1],"y":[1]},"o":{"x":[0],"y":[0]}},{"s":[108.675],"t":16,"i":{"x":[1],"y":[1]},"o":{"x":[0],"y":[0]}},{"s":[119.871],"t":17,"i":{"x":[1],"y":[1]},"o":{"x":[0],"y":[0]}},{"s":[129.452],"t":18,"i":{"x":[1],"y":[1]},"o":{"x":[0],"y":[0]}},{"s":[137.511],"t":19,"i":{"x":[1],"y":[1]},"o":{"x":[0],"y":[0]}},{"s":[144.224],"t":20,"i":{"x":[1],"y":[1]},"o":{"x":[0],"y":[0]}},{"s":[149.775],"t":21,"i":{"x":[1],"y":[1]},"o":{"x":[0],"y":[0]}},{"s":[154.332],"t":22,"i":{"x":[1],"y":[1]},"o":{"x":[0],"y":[0]}},{"s":[158.039],"t":23,"i":{"x":[1],"y":[1]},"o":{"x":[0],"y":[0]}},{"s":[161.016],"t":24,"i":{"x":[1],"y":[1]},"o":{"x":[0],"y":[0]}},{"s":[163.36],"t":25,"i":{"x":[1],"y":[1]},"o":{"x":[0],"y":[0]}},{"s":[165.152],"t":26,"i":{"x":[1],"y":[1]},"o":{"x":[0],"y":[0]}},{"s":[166.461],"t":27,"i":{"x":[1],"y":[1]},"o":{"x":[0],"y":[0]}},{"s":[167.341],"t":28,"i":{"x":[1],"y":[1]},"o":{"x":[0],"y":[0]}},{"s":[167.841],"t":29,"i":{"x":[1],"y":[1]},"o":{"x":[0],"y":[0]}},{"s":[167.841],"t":31,"i":{"x":[1],"y":[1]},"o":{"x":[0],"y":[0]}},{"s":[167.341],"t":32,"i":{"x":[1],"y":[1]},"o":{"x":[0],"y":[0]}},{"s":[166.461],"t":33,"i":{"x":[1],"y":[1]},"o":{"x":[0],"y":[0]}},{"s":[165.152],"t":34,"i":{"x":[1],"y":[1]},"o":{"x":[0],"y":[0]}},{"s":[163.36],"t":35,"i":{"x":[1],"y":[1]},"o":{"x":[0],"y":[0]}},{"s":[161.016],"t":36,"i":{"x":[1],"y":[1]},"o":{"x":[0],"y":[0]}},{"s":[158.039],"t":37,"i":{"x":[1],"y":[1]},"o":{"x":[0],"y":[0]}},{"s":[154.332],"t":38,"i":{"x":[1],"y":[1]},"o":{"x":[0],"y":[0]}},{"s":[149.775],"t":39,"i":{"x":[1],"y":[1]},"o":{"x":[0],"y":[0]}},{"s":[144.224],"t":40,"i":{"x":[1],"y":[1]},"o":{"x":[0],"y":[0]}},{"s":[137.511],"t":41,"i":{"x":[1],"y":[1]},"o":{"x":[0],"y":[0]}},{"s":[129.452],"t":42,"i":{"x":[1],"y":[1]},"o":{"x":[0],"y":[0]}},{"s":[119.871],"t":43,"i":{"x":[1],"y":[1]},"o":{"x":[0],"y":[0]}},{"s":[108.675],"t":44,"i":{"x":[1],"y":[1]},"o":{"x":[0],"y":[0]}},{"s":[95.979],"t":45,"i":{"x":[1],"y":[1]},"o":{"x":[0],"y":[0]}},{"s":[82.263],"t":46,"i":{"x":[1],"y":[1]},"o":{"x":[0],"y":[0]}},{"s":[68.384],"t":47,"i":{"x":[1],"y":[1]},"o":{"x":[0],"y":[0]}},{"s":[55.301],"t":48,"i":{"x":[1],"y":[1]},"o":{"x":[0],"y":[0]}},{"s":[43.696],"t":49,"i":{"x":[1],"y":[1]},"o":{"x":[0],"y":[0]}},{"s":[33.834],"t":50,"i":{"x":[1],"y":[1]},"o":{"x":[0],"y":[0]}},{"s":[25.676],"t":51,"i":{"x":[1],"y":[1]},"o":{"x":[0],"y":[0]}},{"s":[19.044],"t":52,"i":{"x":[1],"y":[1]},"o":{"x":[0],"y":[0]}},{"s":[13.726],"t":53,"i":{"x":[1],"y":[1]},"o":{"x":[0],"y":[0]}},{"s":[9.523],"t":54,"i":{"x":[1],"y":[1]},"o":{"x":[0],"y":[0]}},{"s":[6.264],"t":55,"i":{"x":[1],"y":[1]},"o":{"x":[0],"y":[0]}},{"s":[3.809],"t":56,"i":{"x":[1],"y":[1]},"o":{"x":[0],"y":[0]}},{"s":[2.041],"t":57,"i":{"x":[1],"y":[1]},"o":{"x":[0],"y":[0]}},{"s":[0.867],"t":58,"i":{"x":[1],"y":[1]},"o":{"x":[0],"y":[0]}},{"s":[0.207],"t":59,"i":{"x":[1],"y":[1]},"o":{"x":[0],"y":[0]}},{"s":[0],"t":60,"i":{"x":[1],"y":[1]},"o":{"x":[0],"y":[0]}}]},"m":1,"ix":2,"nm":"Trim Paths 1","mn":"ADBE Vector Filter - Trim","hd":false}],"ip":0,"op":450,"st":0,"bm":0}],"markers":[]}